IncidentName,GISAcres,AVGLong,AVGLat
Bradbury Krebs,96.38762,-104.2322033,39.7225344
Cottonwood,5.981838,-114.422155,42.40659146
FLAT TOP,374.44363,-105.0535656,42.79703414
Lincoln,43.376,-111.8137153,40.12602118
Moore Mountain,11.501784,-79.3337544,37.68660678
Bloomington,87.2691,-113.6706151,37.05071749
Slow Fork,10.989057,-152.798901,63.3450162
Volcano,140.66956,-113.6357211,37.245314
North Wilson Lake,5.289029,-114.124384,42.63349598
Beets,8.912088,-114.3233728,42.94506032
County Line Road,4.355689,-113.0097679,43.02236374
Goshen Canyon,215.08871,-111.8928928,39.93168028
Oak Creek Cyn,13.301135,-112.2647322,39.35407265
Hot,11.692757,-115.5906401,43.13598574
Kugarak River,27.038149,-158.429932,66.64585805
Clear Creek,1285.094,-147.7165158,64.6732289
Harper Fire,9.325319,-119.1225115,44.37432925
Peplin,530.5248,-113.1871469,41.65643086
Marshall Basin,0.09500412,-114.9947771,44.15490069
Golf Course ,0.14106047,-114.4651353,42.6255511
Stanley,46.586918,-81.81251502,29.16135427
Sixty-One Mountain,7.3347063,-147.8293533,66.88098853
Traverse,467.2259,-111.859225,40.44935805
Macklin,267.46768,-164.8747787,65.74405034
Samaria,370.6143,-112.3985688,42.100027
Lonesome,0.38431776,-80.93678908,25.48145866
Goach Fire,31.046034,-112.0934067,39.5400837
Fawn Creek,3225.7368,-108.3922941,39.77131865
Mount Schwatka,3.7831883,-147.4518926,65.94863422
Deshka Overwinter,0.10018495,-150.1650556,61.6759584
BenYoung,1248.9242,-120.5370962,42.50671695
Wapoo Creek 2,1692.571,-156.848188,63.81622685
Chromo Divide - Rosebud,4.2770395,-106.9029484,46.0485814
Brush Creek,220.6443,-160.2913158,65.72525905
Moran Creek,119.09575,-153.7514046,65.24827905
Snake Lake,21.216278,-144.2144539,66.08605576
Sportsmans,7.6910467,-112.76058,42.95732073
YMCA,304.23083,-105.2922663,38.43037954
Flooded Lake,9.371054,-145.5560535,67.1518103
Clive,11.760289,-113.0728791,40.74198409
Sand Creek,87.664215,-107.3110025,37.45126176
Soldier,395.8808,-112.009815,40.23492952
Polles,626.8433,-111.5350915,34.26477924
Timmerman,8.531354,-114.2999523,43.292941
Neiber,17545.707,-107.8911591,43.78379874
Pocatello Creek,6.004686,-112.4026789,42.88836857
Blue Creek,82.958466,-108.8129148,38.5880859
Hancock Canyon,108.72621,-113.9349308,36.82639977
Mammoth,2.8173127,-112.129475,39.92624417
Mccornick 2,20.017427,-112.4003306,39.17588068
Iosepa,1.7394474,-112.732103,40.54152719
MEADOW CREEK,10.848168,-106.1966395,43.59187
Pottery,14.210899,-114.9208528,42.89568736
Sabie ,0.02374873,-112.3275256,39.98321319
HORSE,227.09615,-110.4944036,32.96323626
Whitlow ,1211.4624,-111.2398262,33.2937514
Witcher,310.155,-105.5610934,45.80622459
Kerulu Creek,112.34587,-158.378284,66.26363433
Chafin,58.96163,-115.179353,42.94343962
Tracer,0.49549827,-108.9090133,44.50978043
Howe Peak,6621.148,-113.0365327,43.73552017
Shaw Creek,28.83243,-145.6414191,64.28220965
Monument,1783.5353,-112.7146786,35.66382852
Crews,5513.1704,-121.4431181,37.0144547
Matlin,6292.3184,-113.3314777,41.55370315
Helpmejack Hills,62.43355,-153.9343975,66.82454973
Taylor,0.057410244,-114.0521738,43.16342417
North Delle,272.2144,-112.8255728,40.81364701
ROAD 11,9630.348,-119.7819976,47.77805282
Tagagawik River 2,505.30673,-159.111171,66.14843954
Little Su,5.798666,-150.1215554,61.43635717
LITTLE,0.06139619,-105.3604817,43.72608018
Steel Canyon,70.42376,-108.0211288,38.37383091
Kawichiark River 5,4.1083326,-158.5742396,66.55265323
Yellow River ,18.340136,-160.2124104,63.23768079
Ninemile Lake,19.985762,-146.188619,66.17989168
Black Point,5.039639,-113.0288075,37.83310182
Verde,32.2561,-110.5892838,32.27120666
Wilson Crossing,143.07932,-104.5579655,37.85801406
Bonny,20.398546,-116.0591037,43.5044996
Quigley,56.210014,-114.2518868,43.54710796
Ray Mountain,95.42053,-152.1923687,65.78377732
Hogatza,95.29701,-154.297135,66.32825244
Powder Hollow,19.3259,-111.5377923,41.04373004
Hog Point,11.4341135,-108.747703,38.43796259
Bering Creek,375.09717,-153.8483768,64.84864795
North Side Bridge,1.9016542,-114.2186255,42.63966141
Chiroskey River,72.55711,-160.2427805,63.82507367
Little Bookcliff,168.86021,-108.4452369,39.182907
Mtn Home,78.05382,-111.9343374,41.29514052
Ranches,22.431524,-111.993878,40.38877326
Jim Canyon 2,5.6363964,-109.0252247,39.41335678
103,41.146362,-112.4208055,39.21758509
Mercur Canyon,0.35147917,-112.2553931,40.3145352
Smith Creek,50.92059,-158.4996548,62.11674677
Jackrabbit,2033.636,-113.0242711,33.80040094
White Mountain,179.2237,-163.0780079,65.09430758
Saddle Horse Peak,33.021908,-114.0082202,41.6788082
Landfill,16.210989,-113.9819288,40.05101132
Yellow Jacket,395.33884,-108.7339516,37.50317319
Natlaratlen River,38.77442,-156.8411849,65.1099444
Bass Bay,0.16624756,-113.9709086,42.53207481
Orchard,241.29333,-111.8274946,40.12638195
Griffins Creek,28.57944,-80.72247051,33.83131175
Three Hill,97.14035,-111.7768418,41.81702595
Snook,0.13762149,-81.34206885,26.23059721
SC Section 32,221.02551,-85.72286317,33.50345982
Jesus Mesa ,190.3797,-103.4684398,37.05541354
Bannock County Assist 2,0.13660908,-112.2213847,42.37760099
Sisal,87.89354,-80.77248252,25.37276493
Iwaktok Hill,13030.277,-164.2953412,61.37593825
Tabernacle,271.65936,-112.528665,38.93184631
Nephi,49.71429,-112.2561137,37.15496486
Rattlesnake,9.417361,-114.6588712,43.122254
Cliff,0.012988018,-114.4211601,42.60134125
Omilak Creek,2.392283,-162.7264459,64.92201069
Howell Peak,1808.3971,-113.38476,39.31206534
Red Dog,432.03314,-162.8493432,67.90620576
Pix,110.20144,-116.4443236,42.79487954
Mojave ,17.302925,-113.8924389,37.02257442
Emigrant ,2550.1477,-109.3809447,32.10118405
Ballyhoo,0.89761156,-81.03025801,25.8875353
Sieber,1091.4432,-108.9515129,39.04578695
SLICK CREEK,12.965805,-107.8941836,44.0039318
Moose Meadows,54.14204,-149.4253531,61.67257336
Railroad ,17.81091,-111.3154708,33.08203403
Grunt,0.10134749,-81.07493357,26.00724015
County-line,0.98878646,-80.87400754,25.48784383
Bearpaw River,0.643996,-150.8727173,63.85393117
Canoa Fire,582.6934,-111.4401843,31.50173742
Pine Springs Fire,6.466657,-110.1424712,39.67862569
Coleen ,1542.3895,-142.8728938,67.32444766
GRASS CREEK,0.05182617,-108.6877785,43.94555378
Shaw's,0.015108667,-149.3348033,61.62378502
Imik Lagoon,249.12508,-163.2066617,61.16324079
Rocky Ridge,349.43753,-111.84044,39.92167313
Morelock ,254.46025,-151.1262489,65.35454374
Guava 3,0.6679278,-80.79695384,25.59915352
Range,3299.8079,-111.3461583,33.10812407
Saddle,683.1988,-111.461025,40.55661209
Niagara,1.3023148,-114.6650227,42.66305703
Silverking,609.0673,-80.94359017,26.2338539
Billy Hawk Creek,2239.9377,-157.0430451,66.11955574
Hunt,5.2470207,-114.2659246,42.64522815
Center Slough,82.131584,-162.5261471,61.91429025
Fort Hall Assist 2,2.0005617,-112.4173791,43.0355866
South Island,0.13962427,-112.5071267,40.77653217
Salmon Falls,1.1791083,-114.8292868,42.43503683
Mm17,388.06818,-111.9004896,40.187749
Sea Biscuit,0.04241126,-149.0574159,61.55640045
Baseline,0.43729433,-113.5023814,42.61964348
Shepard,12.258443,-111.8771624,41.02160346
Ranch,297.92148,-112.9469508,34.26390486
Manokinak River,12133.208,-164.4243139,61.31628449
Aviator,21.686571,-111.9566239,40.3312299
Basin ,38596.043,-113.8734421,36.56327774
Bacon,23.457148,-114.4227515,42.80585934
Aniak River,8.654582,-159.3048761,61.40579007
Tagagawik River,1006.2785,-158.9433504,66.10395611
Igiglogruk Mountain,11.651096,-163.7590251,67.66264561
Antelope Road ,386.89896,-112.8751538,38.59827593
Doe Creek,110.60928,-121.4817642,43.05744907
Pompano,0.088219844,-81.06977708,25.86045681
Seed Warehouse,5.1228085,-114.395734,42.97610705
R-3 LITTLE FREDOYNER,187.34305,-120.5308065,40.68626592
Bigwater,8.730818,-109.1859422,37.66081604
R-5 Dry,45.455322,-120.0173375,40.2966754
Quarter Fire,11.584779,-120.2970216,38.08533835
Tortolita,3170.0842,-111.0410187,32.52776375
Cosmos Creek,9.852282,-157.210173,66.92910635
4th of July Creek,100.49092,-156.4237844,62.80332987
Country,0.50585985,-149.5659509,61.53842579
Strawberry Dome,68.19364,-142.3078262,65.12938988
Pahvant Wma,50.847446,-112.3943998,39.05282029
Middle Fork Buckland,246.05013,-159.6170999,65.85375948
Little Chena 6,0.7790136,-146.8872346,64.9324332
Padilla,7.3319716,-112.0413587,32.89081104
Summit,51.23219,-112.9153331,37.81062807
Hunter,712.53516,-108.556548,39.30151003
Little Chena 2 - East,0.18747148,-146.877497,64.93914591
Pothole,351.51923,-119.4546577,48.45905092
Mackerel,163.81133,-81.19078393,25.99843849
Butte Creek,3.3494458,-105.5464232,45.23585302
Continental Divide,31.323807,-158.5446966,66.11251755
Izaviknek River,3524.9158,-163.0676316,61.41053361
Wolf,274.0201,-108.4317064,39.88822746
Kawichiark River 3,5.130078,-158.573879,66.53694153
Cottonwood - Dawson,7.6679416,-104.7382138,47.08268622
LOST CREEK,540.84265,-109.5423309,44.44663811
Veyo West,2807.1523,-113.6914132,37.35723437
Hal Canyon,0.62635374,-109.4787571,38.6392575
Saddle Mountain,7714.369,-119.5417677,46.79412696
Otter Creek,6.4635987,-80.90923492,25.47895893
Canal,77977.72,-112.3474026,39.42600727
Kuyak Creek,400.2198,-161.3638442,68.02275534
Pole Canyon,487.0537,-112.1371003,40.29540228
Copple - Rosebud,4.965701,-106.8449571,45.77749761
Whites Creek,0.9427291,-111.2624807,40.73307925
Dry Mesa ,3.099756,-109.8834848,37.72836328
Butte,29.663942,-116.4455789,43.4501166
Pinney,9.491928,-115.9805949,44.19145213
Bald Mountain,173.4287,-112.3950553,39.07020624
Spillway,0.65075195,-111.5438004,43.90816641
Jackass Canyon ,0.13783225,-109.5059505,38.62661446
Dance - Dawson,1.3490665,-104.5550329,47.33690847
Dempsey ,7.266238,-115.0545223,43.17323701
Smelter,45.549374,-112.2344512,39.54953697
Launch Fire,0.7749298,-109.8545412,37.1464129
Flat Top,0.9999537,-114.4023892,42.7703693
Point Mac,0.8876724,-149.9250622,61.42618871
Crestline ,6.3309,-114.0402203,37.61950397
Guava 2,646.3257,-80.85610818,25.53918506
455,0.019284649,-115.0432299,44.25887715
Pennys,7.7853026,-112.3866363,40.39198254
WARM SPRINGS,0.41804266,-108.0664206,43.65025867
Kuka Creek,241.78004,-162.7769168,61.40073396
Warmouth,0.10936173,-81.34448263,26.11191146
Crow Point,15.476456,-134.8411102,58.51379871
Vics Peak,14690.24,-107.4594683,33.58260963
Antelope,3865.086,-113.1805158,38.67151622
Pierce,7.0863323,-122.9473686,38.19851766
Hawk River,220.58824,-161.0221285,62.19644938
Cottonwood Trail,1622.2582,-113.4054839,37.20521228
Roc,220.93456,-109.0094171,38.43876868
DeCourcy Mountain,1.6451347,-158.4955177,62.10829115
Pastoliak River,59.288235,-162.9793144,62.95883947
Nimiuktuk River,1602.3425,-159.9951648,68.25352033
Roller Coaster - Prairie,1.1885868,-105.2235408,46.75087208
Red Drum,0.63708264,-81.1182221,25.9134981
Aklumayuak Creek,187.40274,-159.3943653,67.91842558
Engineer Lake,1010.0408,-161.6947158,61.70436772
Rock Creek,70.89787,-114.3099824,42.3429729
R2 - Trumbull,576.6586,-120.2117195,40.49502754
Strawberry,44.165257,-112.6311434,37.53557293
Yellow River 2,34.781082,-160.1705126,63.24436678
Roadside - Dawson,4.411478,-104.8907988,46.95827087
Greenhouse,5167.9575,-119.0100904,48.14607243
Bitter Creek,0.20248921,-108.8560412,44.75655056
Willow,9.482293,-114.3695616,42.33551031
Chandler,251.21689,-112.7805554,43.10751039
84,22.848917,-107.6451656,37.33001164
EAGLE PASS,0.3130815,-108.8627724,44.48821897
Divide - Dawson,28.660572,-105.3280754,47.30045795
Polecat,3.2681923,-108.7789132,44.87346442
BONANZA,62.211933,-107.7509912,44.2095818
King Hill Canal,93.93353,-114.9570942,42.88795138
Bringham,22319.746,-109.3698349,33.43493107
Over,2.4461238,-116.3773283,43.27632931
PRD340,94.418724,-120.3724116,45.50566693
Warsaw,15.9498415,-111.2799491,31.42278146
Fresnal,1719.1377,-111.4277936,31.4473659
S-4 SHELDON,1801.729,-119.6597884,41.80330039
Indian Springs,0.6213904,-112.2192227,42.67853602
Brook,183.21219,-117.4813484,34.25841056
Dragon Rock,857.66925,-120.0413901,43.22969668
Moon,166.6029,-113.2984211,37.0422845
Lone Rock,6.4748626,-112.6815319,40.70709029
Warm,40.842937,-115.2908602,44.26116972
Blue River 2,28062.979,-110.2085632,33.4846991
Anniversary,12.529456,-101.3884354,35.81693909
East Fork,0.13893797,-114.3181521,43.60340182
Matlock,73.813515,-119.1895097,45.20937291
COWHEAD,59.82884,-119.953212,41.94867906
Indian Valley,431.99506,-116.3930245,44.60275027
Trail,23.621964,-115.344443,42.96777161
Magote,50.798775,-106.136623,37.04177263
SEELY ,15.11179,-104.365905,43.98083369
Myers - Garfield ,1.464756,-106.5035964,46.95332223
Sage Road,0.016598275,-114.3782632,43.71938539
Table legs,2.382833,-112.7341232,43.41538173
Dry Creek,100.33009,-116.3684366,44.49652795
CLARKELEN,73.72826,-105.6689562,44.10217879
ZERO ROAD,0.0537011,-106.5238762,42.86144066
Gas Hills,83.93357,-107.3784281,42.88183856
Frost Draw,115.51478,-106.5312012,43.8961441
KONNOWAC,1083.7064,-120.398925,46.5172248
Halfway,94.077095,-112.0912593,35.97302648
Elsmere,159.20511,-118.4976949,34.36983665
BROKEN TRAIL,16.169004,-106.2422019,42.96566723
TRAIL BLAZER,1.7492695,-106.1496197,43.00586231
Power County Assist 1,6.8118615,-112.8401791,42.7866275
Battle,1.2391044,-107.7128296,47.22972671
KNOLL,308.5592,-94.19493895,45.94497422
Grassy,268.4072,-112.9943024,40.76043057
EAST RIVER,3.1222396,-105.4164575,42.82167063
State Line,0.24913143,-104.0572546,43.98398582
DALTON,1367.0734,-121.061117,41.72489393
ALLEN,1034.7911,-121.0759444,41.35710524
St Michael,25.57143,-162.3618807,63.15947518
Lost River,914.30005,-113.0749311,43.55263404
Sage Road,25.536617,-108.7343624,37.22156368
War Canyon,112.229614,-119.0287685,44.72345066
MM78 I84,0.029256478,-115.9088794,43.30389221
Texas,209.94986,-118.446696,34.50033527
Juniper Park ,84.22171,-118.931324,43.01628304
COULEE MEADOWS,775.8926,-119.735707,47.53324567
Mud Creek ,174.22656,-118.7260102,42.81851358
Bobcat,35.351357,-107.6144246,44.18963836
Bumble Bee,2994.4614,-112.1880398,34.19077749
Upper Provo,480.7131,-110.9288967,40.64286001
Palace ,1.023985,-115.5881092,40.72075533
Sugar,456.81573,-115.2860547,42.98059916
Cresent Valley A,0.18682612,-116.6242999,40.35142553
NORTH BROWNSTOWN,344.32574,-120.6384889,46.48982694
205,0.001089738,-114.8316966,43.93298176
205,0.001089738,-114.8316966,43.93298176
Lake Walcott,1391.7642,-113.4419423,42.62564153
CANYON,1.086507,-118.3000954,34.47801334
Margies Assist,334.80823,-112.646864,33.1588239
4600,226.59276,-110.8622243,40.20712998
Headlight,90.847,-113.0211442,38.80523628
Iron County Landfill,9.068703,-113.2315233,37.71715342
Sixshooter,181.76308,-107.8440079,37.05018472
White Mountain 2,34.016087,-163.2141739,65.01362267
Muskrat,1.4812506,-112.681127,40.65719903
TL Blue Creek,28.384005,-85.99511797,33.33067233
Second Creek,22.133272,-105.4533725,45.28525969
Lou Lake,232.93965,-164.2598536,60.97251848
Parowan,42.61916,-112.8294129,37.85591054
Aurora,238.28296,-118.9760574,38.275097
Waterline,30.96804,-112.5247021,40.16648197
Paragon River,5.0372434,-163.3731668,65.05186408
Lees Creek,32.594624,-112.7112341,40.06666736
Soldier Pass 2,119.0056,-111.9666423,40.16890226
Fish River,3.396581,-163.1422846,64.9819327
Clinton Landing,3.3282702,-112.2578027,40.70003016
Eagle,100.0605,-111.9929498,40.33991815
Duck,100.09506,-115.829615,43.25260603
Balanced Rock,1.1131129,-114.9703325,42.54878184
Scriver,1.9995627,-115.9370796,44.18582518
Cow Creek,8.576156,-110.564262,43.31860981
Aviator 2,151.25136,-112.1343015,40.20680167
Sunset,3964.2476,-112.1139065,34.19599742
Bacon Creek,12.804744,-153.9496235,65.73189181
PINK,6.3859634,-106.2726825,44.44163922
JOHNSON 2,1.1442786,-106.6490432,42.82542156
Halverson,48.962578,-116.5022346,43.28596972
Dicky Road,1.4309679,-114.9687237,42.82646497
Ponderosa - Wibaux,12.611024,-104.1800711,46.9784174
Percy West,138.0329,-118.5923357,43.71802384
APPLE,15.469862,-116.9621293,33.99103019
Secrest - Harding,7.0720067,-103.7010701,45.27188149
STAGECOACH,7602.1714,-118.4936863,35.45295629
Porcupine ,0.027700197,-117.7161778,41.33296776
Stage Fire,254.19283,-112.1258596,33.96050995
MOWER,7.18334,-107.6244614,44.16123123
Highway 138,9.436116,-112.389931,40.60228587
Parallel,1.7867895,-94.08918077,46.98740237
South Lone Rock,3.4771779,-112.6816316,40.70503353
Aquila,898.5062,-112.1082488,33.82374462
CAD#: 20-225648 ,0.17161463,-112.1464712,34.02995449
Agua Fria,10.896959,-112.3192021,33.53489597
Picture Canyon,516.61346,-102.8204686,37.00599377
Circle,2.8784523,-112.1698124,33.88513924
Eaton - Prairie,18.438095,-105.3489973,46.86576133
Phillips Creek,2111.723,-114.8311922,43.47671631
East Airboat,13.905977,-80.74564412,25.5966067
Harry,58.01691,-117.7172513,40.75513517
South Valley,0.78078264,-117.8375728,41.56938844
Marble Bluff,0.31884974,-119.3682828,39.84647617
Ash Pit,13.284521,-120.0143792,39.96270785
Redrock,0.22931801,-119.9158414,39.70316671
Parson 2,342.1788,-114.0501234,41.18307538
Candle,0.1255751,-114.7559764,36.49475563
Cole,17.932537,-119.754502,39.58052993
Bart,0.3558767,-116.9657951,39.5952912
Rams Horn,0.6298827,-119.7734702,39.61889951
Stillwell,6.1404834,-115.7439363,40.64136641
Bald,0.000444173,-114.3124797,39.01713689
Cielo,73.23029,-119.6637496,39.64577331
Boulevard ,0.2544507,-115.2031535,35.91235931
Frozen Toe,0.9157555,-114.9732291,36.44344853
Cress,18.004278,-114.50068,40.03993183
MM 99,0.42452288,-118.5423679,40.1169208
Cemetery ,6.2344127,-119.7336758,39.71012151
Peavine,22.034729,-119.9064629,39.6059876
CCFD 8 - Sunset,4.782394,-115.0990088,36.0616084
Bean Flat,1.4691423,-116.4480764,39.50797107
Mile Marker 14,1.0160426,-115.2268693,35.87649839
Henderson ,18.739956,-116.1939514,39.84216603
Hidden Valley,3.512976,-115.19533,35.82847041
Reverence,0.057802897,-115.3481608,36.20782765
MM 12,5.164268,-115.4061662,36.1372769
MM 151,17.90627,-118.0546108,40.69788077
Sloan 22,0.16151516,-115.2174672,35.88213748
Sonoma,0.06557471,-117.7023239,40.82697437
Pearl,75.60241,-115.6486982,40.3282961
MM 203 B,0.72916746,-117.3448403,40.91692276
Center,5.1116405,-115.2011197,35.90493774
Ravenswood ,0.9283782,-117.1019412,39.83120052
Sloan 9,0.3639436,-115.2025374,35.87847203
Elk,0.591585,-114.5026253,37.96247339
Sloan 23,2.4213524,-115.2200744,35.88353361
Pilot Valley,27.398962,-114.2427829,40.96399755
Mesa Verde,1.8993677,-115.6124671,40.97128496
Ferber Hills,54.12958,-114.1797913,40.2080981
Rose,1.2248226,-119.8686157,39.32874504
Sandy Valley Road,1.1603231,-115.6033873,35.9922468
Elbow Canyon,0.36550125,-117.6647756,40.8365162
Turtlehead,0.05561792,-115.4277042,36.18437497
Patterson ,9.530235,-114.5235111,38.19524029
Silver ,8.980996,-117.8800061,41.20957804
Lake Mead,0.06768274,-114.9928739,36.20086684
Yahoo,0.28137752,-116.1070837,39.57408799
Antelope ,29.27086,-119.9612495,39.73003371
Victory,6.1517835,-118.2759274,40.38199036
MM 165,5.618885,-117.9467526,40.86463471
Johnson,1.839056,-119.6371811,39.0673441
Hill,63.227016,-120.0962734,39.78592491
Line,4.325485,-119.6656936,39.56418968
River Bottom ,21.241383,-116.7608665,40.68862312
Pilot,398.81207,-114.2476406,40.800354
Sloan 5,32.85743,-115.208729,35.88367573
South Center,1.5579191,-115.1988975,35.91224401
Bishop,13008.481,-114.6008327,37.40329503
Twelvemile,8.552376,-114.4913075,39.75768462
Sloan 2,44.30035,-115.205455,35.87383644
Arrow Basin,0.14054891,-114.9693623,36.44285357
Stony,16.699951,-116.9188597,40.79497646
Mile Marker 25,0.051105842,-114.914559,35.53823646
Gulley,24.56662,-114.1880003,40.60678609
Frenchman 2,0.000936237,-114.9947624,36.20073223
Lake Mead 2,0.017047357,-114.9632524,36.20652167
Hobson,4.264049,-115.4159479,39.90305629
Sloan 4,14.990789,-115.2037046,35.87940207
Sloan 8,0.20363148,-115.2207506,35.88140055
Mahogany,2757.6318,-115.5875789,36.33245189
MM 91,0.06043184,-118.6647223,40.03958923
Summer Hill,3.1259413,-119.7675264,39.57165521
MM 171,2.7075653,-117.8484838,40.91497748
Foothills 2,0.23531118,-114.9175589,36.00960682
Monroe,112.15468,-115.5683449,40.97925533
Bat,0.049792036,-114.7598226,36.50082699
Sloan 24,4.502419,-115.2139592,35.8936511
Crystal Peak,0.004616334,-120.0781372,39.59535294
Spring,7.0734363,-117.2871769,41.00229987
Smith,0.015404684,-114.9477151,39.3568271
Roach,6.0876913,-115.2312202,35.86239624
Point,0.006472571,-120.0072157,39.89623345
Sandy Valley 1,0.52895814,-115.6041797,35.99203913
Mile Marker 17,0.8103469,-115.4570843,35.99453621
Timber Mountain,4829.284,-116.4985871,37.10873778
Branding Iron ,0.8700553,-119.7283606,39.73594847
Monarch,2323.4993,-119.5424689,38.87232739
MM 24,1.7256862,-115.6958587,40.74936587
Wildcat,10.589132,-114.1523559,40.58092603
Brady 2,0.049037885,-119.307032,39.63583755
Tropical,0.9088093,-115.3566138,36.26593876
Foothills 1,0.06610713,-114.9183809,36.01015703
Sunrise Mountain,0.027702767,-114.963679,36.20640469
Deerlodge,0.6694071,-119.8808612,39.78859337
Magic Mountains,110.30675,-115.2149035,35.88606514
Empress,0.23325612,-115.6825304,40.79910753
Poeville Road,2972.7473,-119.8924825,39.5866417
Taylor Springs,0.009227015,-119.1793776,38.67389202
Erie,67.257675,-115.2231691,35.86447824
Ibapah,7149.053,-114.1212231,40.38241808
Late Night,2.793967,-115.4260483,36.00809097
Big Summit,8460.819,-114.0822685,37.92009986
North Creek,160.80289,-114.6684718,39.53938278
Powerline,0.5587479,-114.0762278,36.79247801
Blue Ribbon,0.59946257,-114.8435671,36.45273327
Spanish Trail,0.005355746,-115.5974742,36.00425393
Churchill Buttes,61.902824,-119.2865842,39.35961024
Echo Bay,0.037638042,-114.429052,36.30787098
Power ,0.018915692,-116.5377679,40.69648273
Fairview,64.64474,-118.1860486,39.09636262
MM 203,0.079232916,-117.321145,40.9087078
Sloan 17,0.1424141,-115.2159409,35.87919224
10 mile,320.44098,-119.4739866,39.34552026
Sheep Creek,3.5191894,-116.7264544,40.6938983
Meadow Valley,59290.395,-114.5908789,37.19011258
Chicken,0.7635227,-114.7159031,39.91931545
Cedar,5989.013,-115.7617897,40.5603784
Jobs,0.132134,-119.8256511,38.86940973
Trout Creek,0.15723023,-116.9665897,40.38164341
Red,0.017541401,-116.308607,44.61903483
Cresent Valley B,0.024550436,-116.6240094,40.35254522
Canyon Point,13.321332,-110.8168306,34.31028719
Mutton,0.02108154,-81.30196855,26.0024712
Red,0.5572691,-81.34168556,26.10784418
Beowawe,54.904034,-116.4131864,40.66337904
Pine,866.1012,-116.1398885,40.60234952
Gibson Ditch - Wibaux,0.3070418,-104.4572693,46.82009216
Grassy Mountain,2.3539639,-112.9635786,40.7846699
Trust,0.02662955,-119.987125,39.62011927
Mosier Creek,997.0665,-121.3338761,45.63402147
American Road,25.921152,-112.4027244,42.85251507
Poodle,13600.864,-119.5849609,40.8821602
273,7.8862557,-106.6441372,43.98996708
Road,0.41489735,-115.5614018,36.01953101
Howell Canyon,0.00353298,-113.6093655,42.3261261
Collins,16.733488,-110.1033388,41.70418961
County Line,7.074484,-113.5761763,38.1550156
Jersey ,0.28034475,-117.5100049,40.26895842
Felt Dam,5.847928,-111.2839028,43.91174695
Canyon,0.06320702,-117.4343158,40.26037508
MM 164,0.17694117,-117.9513024,40.85854772
Rookery Branch 2,57.19762,-80.83393608,25.49703803
Powerline,708.9787,-111.903152,39.8063464
Anderson Junction,784.4412,-113.2927553,37.27912928
Pony,4.3035274,-112.1821195,40.22199612
New Forest,9.066753,-119.9493921,39.71768355
Kochilagok Hill,29322.066,-164.419855,61.62345603
Tank,29.074814,-113.3212209,37.27724266
Cougar,475.4365,-113.888379,38.18630244
Canyon Creek,76.102036,-119.0203705,42.1564703
PINE TREE JUNCTION,148.96193,-105.8036521,43.62721089
Wood Canyon,2445.254,-109.0772132,32.39377125
Easy,2.6352506,-115.8658903,43.08762861
R-6,0.66424114,-120.0586323,39.99303563
TAYLOR POND,24458.018,-120.1373165,46.69049839
Golconda,0.10233958,-117.5731931,40.27507673
Hatchett - Prairie,2.0341372,-105.0437648,46.8578963
Zero - Prairie,0.6469141,-105.4819818,46.66524365
Michaud Creek,72.467186,-112.5299492,42.83656125
Steinmetz Creek ,0.24939732,-123.1076149,42.69879045
R-5,471.72025,-120.4568213,40.5993918
Krozier,141.4019,-110.911268,32.97859257
Anderson Crossing,530.96655,-117.3106211,42.11373432
North Cottonwood,28.590876,-114.4273295,42.39032007
Bronco,0.34030044,-119.9692765,39.45292432
Bancroft,1506.9141,-115.1323581,42.91887912
CALDWELL,81224.375,-121.4731354,41.712418
Mackey Canyon,0.7871766,-113.9871334,42.24220605
North Carter,0.7522752,-112.6559182,42.09441995
West Juniper,0.02210438,-115.3770514,42.30822563
Bear Paw,229.42632,-115.4829471,41.98854634
Elk,927.0481,-114.8979526,41.91299289
Beach,3668.4158,-118.9879427,37.93354283
Crane,2983.8027,-120.2666955,42.11979235
Jones Point,136.59232,-123.6443986,41.03610333
Rock Springs,103.27127,-112.5790073,42.6004715
Hess,13.002189,-117.3261364,39.23180791
Muleshoe,30.708961,-114.6477997,38.49682465
Black Pine,3785.9946,-112.857735,42.08015941
Saw Mill ,0.0982933,-114.7530975,43.48896637
Big Rock,0.7157238,-105.2550621,42.04159164
East Armells,539.6141,-106.8516283,45.86038053
Little Mud Creek,150.5087,-118.7522595,42.80142914
BALDY,3695.861,-117.8541221,44.41785727
Gun Range Fire,29.131275,-112.0742814,38.80712143
CHIEF TIMOTHY,1322.2867,-117.1854231,46.43671019
Wood Lake,69.31415,-112.7903113,47.40122469
NORTH BROWNSTOWN 3,5967.4746,-120.5932878,46.51911748
Red Butte,11.502024,-113.7553186,41.70729086
R-1 MAPES,258.95712,-120.4782122,40.5583775
Wildcat ,529.51337,-112.9326226,41.86758379
TULE ROAD,698.55817,-120.244634,46.28307112
Aurora Ridge ,0.29574293,-123.927352,48.05100679
Ridge,3076.0884,-113.8700446,35.02098898
Mildred,37.37012,-117.8592212,38.79013995
Copeland,90.794846,-115.970761,44.88398237
Putnam Springs,130.74521,-119.5867659,44.87000138
East Myton,3.7291007,-110.0193192,40.18647834
Jack,8.966386,-117.7190921,41.95843697
Jim Canyon 3,3.2424877,-109.0290664,39.40116332
Spring Fire,2.597136,-119.9010027,34.68268291
Island Ridge,3.3051136,-112.4924,40.79783802
Dome Top,41.30097,-112.7338094,39.20836564
Rose ,7.2425103,-116.3486732,40.57387271
Pitch Fork,49.497192,-113.2764256,38.59930356
Oscar Assist,15.8619585,-112.3432761,40.53885576
Spring Creek 3,0.01284769,-73.83723041,40.64596925
Northeast Canyon,0.431754,-114.0911965,42.00269137
Wetlands CCFD 2,19.376972,-115.022079,36.10482672
Mineral,29666.842,-120.5793038,36.18729554
Pine Creek,0.041951463,-115.4739664,36.12866804
Ridge,0.10326132,-119.3707169,38.67405633
Sage Junction,116.677734,-112.1992942,43.8846781
Diamond,0.8613235,-117.5164166,40.97940044
Somersett,1.4193029,-119.9221832,39.55503969
West Bank,2.2463014,-112.7465784,42.97939396
Tivehvun Lake,828.5322,-145.0833079,66.90680617
Gold,22633.74,-120.7945339,41.04869451
Quarterhorse - Rosebud,5.708444,-106.51838,46.41587448
Spring Creek 2,0.028639413,-73.83754628,40.64565449
Gold,2.7769027,-119.5495143,38.78331212
WALKER,1456.1079,-120.7061725,38.07096617
Bear Rapids,41.411816,-111.792187,42.19023205
Castleton,16.078566,-114.4766738,37.91731626
R-6 MIXIE FLAT,215.46068,-119.9518086,40.74529212
Sloan 18,0.009772009,-115.2210436,35.88341331
Sloan 16,0.06766575,-115.2177598,35.88231548
Sliman Reservoir,0.0222477,-114.6137473,42.97602942
La Mancha,0.20502101,-115.3452551,36.26387964
Iris,124.99782,-118.7065188,37.51276101
Musser ,0.21687922,-119.8195161,38.68670019
Corral,7.3424854,-112.5222399,43.55331984
East Canyon,2901.8083,-108.2100068,37.29378936
Dugout - Garfield,0.04300457,-107.4214415,47.12271569
South Idahome,10.385064,-113.2401192,42.39226948
Florida Canyon,221.83043,-118.1900496,40.57723517
McDonaldville,3.2736447,-112.3801848,43.2954277
South,4.886673,-120.0361665,39.79866776
Dutch,0.040128097,-119.7226675,38.79540544
North Stansbury,5338.9756,-112.5094365,40.8732694
0409 PR,11.851678,-119.836438,44.27967758
Railroad,131.8767,-120.0771131,39.7698816
North Fork,11.785798,-160.5447404,64.07923223
Riverbed,1.4827732,-117.6153375,41.97172228
117,6.566497,-112.2524454,39.68025802
North,2.8494387,-117.6685387,41.95881601
Chicken Creek,21.50716,-151.3807846,67.17529373
Valley,0.38757008,-112.7480988,40.50520223
Fairhaven Creek,7.9357014,-161.0982803,65.78798475
Old Tyler,132.97832,-119.3176384,43.36291252
CHEYENNE RIVER,144.78148,-105.1290761,43.38716772
Kawichiark River 4,3.8058164,-158.5537343,66.51595351
Big Creek,46.485523,-154.1447792,64.72481232
Truck Stop,1.9133415,-114.5012996,36.69447733
Ten,125.445694,-105.2541423,46.7255469
Happy,23.96451,-118.380889,41.36037141
North,6882.267,-119.998765,39.84354557
MM81 I84,4.986594,-115.860796,43.25939775
Stillwater,40.34043,-111.9177257,40.30094517
North Wendell ,17.12238,-114.7256037,42.81546716
Sloan 7,3.5429013,-115.2093496,35.88036824
Coyote,13.934976,-110.9792067,37.41894548
2120 Foot,0.46297926,-119.7958164,38.83602804
Shoe tree,3.661432,-120.0344578,39.80384635
Pleasant Valley,39.213135,-113.1347607,42.86850705
Valley,90.405975,-115.5082218,40.7281516
Embar,6.603127,-108.81538,44.06854442
Winter Springs,5.952881,-112.7353858,40.01461019
Plum,220.619,-105.8830472,45.1968617
Alfred Creek,84.266655,-148.5954027,66.00628185
Median,23.402761,-112.9996225,40.76344893
Dennis Hill ,2656.6926,-113.6029858,41.7493474
Little Lonesome,0.060210377,-80.93956661,25.47960234
Crows Nest,0.607585,-115.2814772,42.52286233
Leota,2.1255302,-149.4460771,61.55671408
Clover,1117.8896,-117.0545834,41.10258622
Tumit Creek,1129.8417,-159.9428887,68.26504387
Moonfish,25855.205,-80.92525801,25.69202339
Saddle,0.025581725,-117.6411531,40.93232019
Hyndman,31.568035,-114.2923399,43.61808265
Bliss Dump,23.704985,-114.9491854,42.94444692
JUNGLE CREEK ,540.71423,-121.1519904,47.05277665
Seep Ridge,93.49171,-109.3858986,39.57973099
Osgood,1101.1934,-117.2626451,41.24529176
Khotol Slough,21.665476,-157.93555,64.2887462
Melozitna River,39.169746,-153.7780134,65.59475821
Bradley,1783.4548,-106.9930753,42.1944272
Ravenswood 2,0.014098061,-117.1022522,39.83085556
Grindstone Butte,114.47304,-115.2231521,42.76935393
Stewart Canyon,12710.282,-114.776919,37.34101473
No Creek,3.2038405,-153.5765112,62.87494238
MM 60,6.30377,-117.7419413,41.78318039
Adams,901.66956,-120.0332319,39.93260579
North Lena,0.349483,-119.5929612,38.92912457
Magic Waters,46.347046,-114.9071019,42.61896498
Spring,106.205605,-108.8079624,37.38697147
Hollow,1417.4152,-111.5254776,39.8082252
Flint Mesa,198.18713,-115.2195622,42.84222931
Mud Lake,6.8412075,-114.5939423,42.3960538
Richmond,8.618119,-150.8467835,67.44850243
CRONAN,0.003846443,-121.4413656,38.2663161
Taft,1118.2163,-114.5281213,39.35572231
Tea Kettle ,1152.9253,-114.7972225,42.98881176
Area-16,3131.0361,-116.1589418,37.02800401
Franklin County Assist 1,381.2827,-111.7736627,42.00994233
Mullen Canyon,0.28696847,-117.727321,40.85671392
North Center,44.805206,-115.202973,35.90383603
Smoke Shop,96.38307,-119.2998058,39.62034882
Pyramid  Lake,4.6941094,-119.3727227,39.83955503
Barney,21.25523,-119.671738,38.72011103
Indian Springs,1.7439942,-114.345688,42.40197806
Thunder,63.369076,-118.0907575,40.622759
Old Lost,452.2679,-148.3264144,66.06458566
Carp,0.65656394,-114.4378073,36.73492024
Soldier,816.5633,-116.5564215,41.40210466
Tikura,0.061532874,-114.0178662,43.209956
Zane Hills,185.01471,-155.8522321,66.28300476
Painter,605.83496,-110.841849,41.32573058
South Dietrich,500.21356,-114.2759804,42.83744131
Baker Canyon ,400.80368,-112.5875736,38.72101524
Jenny Creek ,14.637022,-122.3866261,42.00988516
Patrick ,0.1516796,-119.5797724,39.54727478
Hardscrabble 1,63.04887,-119.6397128,39.9428952
Rowdy,11.887999,-119.7862109,39.63441141
Sloan 15,0.1797141,-115.2164891,35.88174532
Rock Fish,0.08040872,-81.17989731,26.0315876
Lucky,135.1278,-116.0646563,43.50657151
Muddy Mtn,13.702587,-114.8392735,36.34108067
Mule Springs,0.37045038,-115.5933829,36.01760707
North Center 2,63.635426,-115.2023155,35.89991378
Luck,32.19956,-114.2061154,41.04550992
White,1.9388927,-117.2659093,39.70690354
DRY DEEP CREEK,1.6013229,-107.3728233,43.49338581
Alkali Ridge,121.899254,-109.3871934,37.6948748
Swamp Spring,0.043315582,-114.4476901,36.48549531
Mangum,71484.1,-112.2353355,36.69174152
Big Springs ,2917.732,-112.649549,40.67315016
Aklumayuak Creek 2,242.69485,-159.4805313,67.91767006
Knolls,12591.792,-111.9032924,40.23845128
Thomas,0.059868015,-117.6666756,40.89006805
Ruiz Lake,8.026538,-114.2716498,42.98451575
Beaver Creek,432.04825,-107.834965,44.57143859
Wire Pass,1503.4434,-112.0350249,37.04998476
Picabo,3.5247395,-114.3134522,43.21990675
Birch Creek,14.44887,-144.5708409,65.96375127
Juniper Butte ,5430.0005,-115.2621828,42.24660622
Reindeer Creek,16.090464,-151.8995017,65.36636796
Shafter,3140.893,-114.3404503,40.93935299
Trout Creek,252.15524,-141.6517499,65.09421349
NORTH BROWNSTOWN 2,884.12335,-120.6477386,46.4887501
Sloan 19,3.0141556,-115.2151521,35.88204564
Sloan 21,1.0106924,-115.2136983,35.8800669
Madison Creek,176.96562,-151.5953974,67.35323516
Lane,0.24462438,-81.27079959,26.06616608
MM 7A,0.75674474,-116.0319887,39.64889484
Catterson Creek,0.05222582,-118.5694771,43.71463108
Poeville ,68.7842,-119.8961483,39.58525936
Coyote,3.8467083,-114.2672074,40.89511053
TRIMMER,593.8627,-119.2315669,36.90554042
Dun Glen,4.375516,-118.0539309,40.6759132
Taylor Creek,15199.572,-157.1436421,61.08719532
Black Rock 2,96.0993,-112.5385056,38.77849197
Nip and Tuck,0.00374171,-114.9606819,44.23791567
Whiskers Draw,6.072235,-109.6609947,37.61838748
ELDER,589.7444,-110.9209906,33.15052725
Blue Gill,2.806431,-114.8739637,42.60797127
Unionville Assist,0.8955863,-118.0898405,40.43974958
SUNSET,21.075872,-108.954296,44.4761007
Vista,1.5675254,-118.1285629,40.44484247
Lucin,773.3843,-113.8495211,41.37802887
Generic,9.28337,-111.9562064,43.95549078
Guava,30648.121,-80.90468547,25.55856965
Wildcat,3917.5417,-118.110783,42.77316383
Stupa,73.051956,-105.645692,37.91740398
Porcupine,237.0892,-144.6618,66.67097
Hidden Dome,85.11897,-107.7043508,44.04871155
Sloan 13,2.2717772,-115.2082373,35.87937435
Bingham County Assist 2,24.902933,-112.5840926,43.32861136
Cabin Creek,0.006699401,-114.8367876,43.94774519
Cap,57.675034,-113.6171654,43.66274385
Sloan Shoot,5.278204,-115.2130709,35.87770939
Cottonwood,2817.3948,-115.4506466,35.94815083
Jiggs,5.475731,-115.6816833,40.76699939
Eckman Coulee - Garfield,14.938216,-106.2947228,46.93017457
Caribou Road,0.07404701,-149.7954446,61.42761772
Gold,2.3057227,-114.1728858,36.74006631
Abbott,52.68024,-110.5937846,40.01457603
Little Toe,0.036484566,-114.9642919,36.44044458
Broad Canyon,626.2564,-112.5024602,40.78305682
George Fire,7.067492,-87.28380238,41.52195168
Dry Gulch,16.030043,-114.3492031,42.40456084
Mullet West,25.941204,-80.9475038,26.16938701
MM 7C,0.39843115,-116.0344548,39.65451989
AMERICA,0.03349591,-109.0851288,44.52795823
Sheldon,0.41874242,-117.5513659,41.40255737
EDWARDS,603.41425,-105.3425992,43.64047666
Scrabble,764.1595,-119.6351089,39.92638999
Chinese Peak,1546.2836,-112.3797243,42.84311953
Limerick,0.118444294,-118.2084838,40.3170963
Graves Creek,1.9640857,-123.2059646,42.67183284
Cobia,85.15446,-81.17591956,26.06163936
CARLSON,127.24047,-110.0343655,33.09080961
MARK,0.019732617,-106.8354881,43.80953633
Jakes,4.621451,-119.6783547,38.86676409
Sloan 6,1.1806257,-115.2199673,35.88096638
Browns,2401.6174,-115.5572516,42.83370822
Rock Path,17075.172,-113.1639901,38.60343474
Mud Flat,1.5421841,-115.122522,42.10194327
Poverty Point,308.56735,-112.7618537,40.81447235
Banddana Creek,1578.2526,-151.9137201,65.78342364
Winter Kill,12.911454,-105.5287823,46.21598142
Settlers Bay Golf Course,0.7934156,-149.6005404,61.51020112
West Slope,46.544308,-116.1770059,43.84988086
Bagley,11.005727,-119.6443232,38.60319502
Crestview,116.6162,-113.9629836,42.7152056
Sheepshead,3.7576103,-81.28539636,25.90852875
Arrow Canyon,3.7898314,-114.9792676,36.44420761
Bowknot,90.45863,-110.0060658,38.61870727
Mccornick,45.825798,-112.4068735,39.21639916
Twin,25782.24,-114.9983455,37.50757591
Snakehead,0.07643859,-81.34430942,26.07465687
Blue Creek,3949.257,-101.6576052,35.7185721
Sodhouse,827.5047,-118.8531917,43.28917756
Isom Creek,12139.1,-149.5353478,65.83223214
Coyote,6.017666,-114.9903739,36.98508905
Rock Creek 0103 RN,1036.5996,-120.3870746,45.55075495
Tabby Canyon,6851.5264,-112.5018423,40.82858653
Coffee Dome,20.863405,-164.7335811,65.29511201
Idahome,0.7673805,-113.3482956,42.44054811
Innoko,44.130077,-158.374225,63.62947765
Center 2,31.059885,-115.2076778,35.9028511
Magic 1,0.13149995,-114.918128,36.04556147
Hettinger,14.47513,-115.5343742,45.24531481
Toe,4.9080105,-114.9819633,36.44367448
Lady Face ,0.77726376,-115.0997077,44.23074774
Little City,5.3534436,-114.6803932,43.10988238
Dogskin MT,1.2981374,-119.814418,39.89404673
Hog,9566.325,-120.8376244,40.40457344
TJ,10.275793,-109.2331923,38.95013241
Communications Tower,1.8627219,-115.5186674,36.02357943
Rosland Road 0429 NE,392.90106,-121.4363263,43.69139139
MM 58,0.7139825,-114.9549194,36.44913059
Rabbit Mountain,1002.32025,-142.1769618,67.53471286
Sage,1.1210121,-119.275723,39.57205153
Sloan 14,1.9993423,-115.2100506,35.87874368
Voyage,0.5322384,-119.6509922,39.61002639
Murphy,12.086429,-119.2003191,38.362518
Dump Rd,0.019341096,-117.7264175,41.02323805
PALMER,17987.783,-119.5779128,48.87076766
Bedrock,134.22035,-152.4936697,67.15241672
Pony Express,1.6264168,-119.5237003,39.30871941
Hogan,502.96274,-114.6009986,40.75943677
Prairie,0.8613098,-81.2462639,26.04874207
Lund,865.7368,-113.4813375,37.98485101
Pillar Falls,34.95677,-114.4312885,42.60078489
Numbers,18372.27,-119.5710483,38.86657148
Rabbit River,68.66659,-158.1236638,66.63095563
Crevelle,0.009653232,-81.20442867,25.87432408
Sheenjek River,5736.352,-144.4330061,67.18645572
Fort Hall Assist 3,0.29294407,-112.4710859,43.10948711
Comet,754.22784,-114.5949807,37.97730907
Kanuti River,467.22244,-150.8526963,66.21823402
Yankee Slough 3 ,11.056306,-160.115437,63.2171846
Minidoka Dam,86.001,-113.4975642,42.67756157
Elberta ,1978.3646,-112.0121203,39.93547035
Big Hollow,438.54,-111.4127662,40.46004555
Slaughterhouse,10.297246,-115.3349693,42.96746042
Horn Mountain,5.064245,-106.8802378,45.32585493
Little Tonzona River,164.15059,-153.7842201,62.96001921
Malaspina,3.131329,-149.935258,62.16273377
Kateel River,4.651911,-158.7312273,65.19034798
Trumpeter,139.4692,-149.9107793,61.44245128
North Hansen Bridge,0.3245782,-114.2974713,42.56933757
MM 129,0.8984853,-118.2842287,40.47544155
Mcfait Canyon,0.45814562,-112.2388841,40.28496858
Big River,0.94678956,-154.7999007,62.81119223
MM 7B,0.6605263,-116.0339642,39.65266705
Gardner,38.52056,-113.460003,37.39552122
Sun,1.4670296,-119.8023761,39.59162802
Trail Through Time,38.792828,-109.0472695,39.23732076
Titnuk Creek,4976.8267,-156.4237464,60.79199383
Kimama,9.62617,-113.7915548,42.83488699
Juniper,0.025810063,-112.9374937,42.10187867
Richard Mtn,7633.907,-109.2696906,40.99823227
Muddy Creek,7.204904,-138.6347924,59.1516236
MM 116,1.2350297,-118.3535164,40.29194345
Constantia,0.016389532,-120.0264303,39.94583562
Golden,79.06417,-115.7898061,43.9530834
Antelope,1891.6935,-116.2472227,42.73022436
Bighorn,119634.49,-110.5440269,32.31606498
Devils Armchair,100.430504,-115.6260148,41.47244954
Victoria Creek,46.789486,-147.7280986,65.72096803
Imikneyak Creek,1009.57904,-160.6048499,68.07150102
Lower Kobuk Canyon,77.35108,-154.5665159,66.84977409
Izzenhood Road,222.53856,-116.959826,41.12204137
Central,4498.9,-112.0588999,33.97604704
Brown,8266.173,-114.9899609,38.8258032
Stewart,211.7619,-108.190144,39.80045901
Horn,25.201567,-120.2088147,40.83234037
Turkey Farm Road,11989.202,-113.566572,37.15047281
Dry Creek,0.004038398,-115.3887984,47.38412885
Marys,24.234179,-114.6759538,41.23047386
Spring Rain,2.8969164,-113.995844,36.80372406
Crippen,8.634938,-116.927597,40.39805222
Dunlap ,0.29391712,-117.9698694,38.36243352
Telegraph,2153.7205,-112.5088552,43.59508839
FIR MOUNTAIN,313.77423,-121.4513575,45.57835402
Prairie,141.29214,-113.2230698,37.91544629
Bertschi Road,250.2643,-121.286148,45.94388917
South Malta,0.61352915,-113.3461899,42.17772354
COLOCKUM,2966.8872,-120.1789111,47.29404575
Mule Springs 5,14.922347,-115.5880394,36.02157494
Sloan 12,0.528248,-115.2190638,35.88269215
Red,0.002077544,-119.9643576,39.61614609
Bannock County Assist 3,0.5201968,-112.4079669,42.78996258
South Milk,2.4126267,-114.6483193,38.49400306
Neals Hill,3392.527,-118.2845772,43.02213544
Apex,5.336596,-114.8723955,36.4017642
Engineer Lake 2,1801.0815,-161.7686082,61.69176779
Lucy,0.5105164,-149.5979767,61.49962997
Willows,1.7096398,-116.0185866,39.56185363
Whiskey,0.027980074,-118.517955,38.24658076
MP 6,66.1126,-110.6417046,32.27421188
Black River,6.9945283,-156.1750991,62.48511101
Powerline,0.04673489,-119.6545577,38.98883367
Kgun Lake,1523.2781,-163.5341623,61.50605404
Kawichiark River 2,4.7989044,-158.5687828,66.54019814
Yellow Jack,0.06797701,-81.2800792,26.15568723
9Th Street,34.507454,-111.9281745,41.24013626
MM 167,33.05076,-117.9135271,40.88544188
Railroad,1.1993117,-119.6783997,38.59033107
Yellow Jacket,102.59129,-111.306438,31.47743596
MM 111,8.262247,-107.3981585,39.55951103
R-3 SKEDDADLE,197.50694,-120.0121098,40.34009361
Miller,4516.156,-114.2059505,38.36172635
Leaf Lake,1.4612134,-148.9082577,61.53606033
Loop ,0.03902171,-119.6867577,38.69937515
Ruby Hill,0.49799863,-119.7877197,39.81274193
GREEN,1784.5006,-119.3252339,48.54692735
MILEPOST 26,0.034871258,-106.2640185,43.39533016
Shannon,26.313612,-110.7645548,31.40102888
Nageethluk River,507.5095,-161.8347759,62.12146863
Big Waldren Fork,498.24152,-156.4895181,62.54385896
Hidden Shores,35.04013,-114.4563026,32.88739162
Sloan 20,0.47353747,-115.2169409,35.88232377
Dall River,26.12742,-149.2870768,66.13559374
Harper Draw,45.771137,-105.8238038,44.61031109
Mullet East,5.1893935,-80.94376138,26.17010198
Sandy,26.32482,-113.3639815,37.3516561
Hat,20.816233,-114.0635252,44.79901942
Black Butte,481.8321,-115.3763835,42.69144667
Gap,0.8292505,-114.9160835,39.37429096
Dry,0.3274147,-114.9550166,36.4503537
Peridot,0.35581207,-147.3791774,64.76738404
Gold Mountain,363.60388,-153.830945,65.22422056
Hubby,455.66867,-116.2899834,43.50420582
Stage,0.045631688,-119.8379679,34.52389959
Allen,41.795067,-109.0848874,40.72474505
Green Meadows,61.81723,-108.010423,38.06450618
Laney,2.781619,-105.4360088,46.37068146
East Beach Road,84.76122,-123.7748254,48.09483404
Stockyard,0.49402103,-119.6788623,38.97745856
Conns - Prairie,0.22507827,-105.3005556,46.70166343
Cold,0.017738653,-115.6412636,36.49378891
Silver,0.25799757,-119.7243483,38.59949209
Apex,204.44292,-113.7672301,37.06344774
Whitewater,41.243095,-102.0262721,43.89185095
Cottonwood ,0.1193269,-111.6686843,43.62986537
Golden Eagle 1,59.39561,-119.6738969,39.5837888
Parleys,80.74584,-111.719839,40.74570535
Little Chena - South,1.4025116,-146.8932863,64.9342366
Baldy,1326.6799,-114.4023761,40.04396383
Rookery Branch,129.37294,-80.87062463,25.47343136
Harney River,40.42869,-81.01770299,25.42093569
Thumb,8356.727,-112.5811992,36.3130793
Interchange,2083.1167,-113.4495646,42.55949486
Eagle 2,29.23341,-119.7625085,39.70376915
Any Creek,44.436974,-147.8405592,64.99679925
Vegas Blvd,0.22136363,-115.2060903,35.90554034
Gar,0.017362973,-81.18820572,25.87256082
SPRING CREEK,0.008869574,-106.8803589,42.56099319
Cedar Fort,207.94139,-112.0928609,40.3175307
POISON SPIDER 2,184.98305,-106.5334314,42.83226104
Sunrise Creek,13.299953,-155.097583,63.90329437
Garland Creek,27.487194,-157.4172113,66.96802775
Guinn Canyon,10.003265,-113.495836,42.56173875
MM 150,0.5369291,-118.0525818,40.70004654
Lead Draw,17.511766,-112.3834651,42.74105064
Pine Hollow,11405.067,-112.0636377,36.97780855
Dry Meadows,156.48805,-114.0175085,42.4155973
Hidden Valley 2,0.007390591,-114.9547431,36.45070683
Ingakslugwat Hills,54098.895,-164.3205124,61.34236815
Shungnak River,90.65303,-157.3977057,66.94148581
Slate,0.0864272,-114.563421,44.25544194
SUNDAY AFTERNOON,1320.5802,-80.50329167,25.67675299
Hog,527.4863,-119.2945175,36.87291645
Nageethluk River 1,890.6676,-161.7334326,62.09597362
Water Tower,50.503155,-111.9139854,43.40075662
Lost,7115.3384,-114.3712323,40.99922882
Innoko Headwaters,113.60142,-156.3036422,63.07356273
ALKALI ,3.5457888,-104.5236047,43.6221859
Rock Farm,124.25722,-119.8180442,39.39876791
Simon Creek,8.284394,-159.9500516,63.26749766
Lanae ,3.7655675,-115.7966909,40.84387356
Saddle,590.3118,-114.6662211,42.0889769
Bearpaw Mountain,673.47614,-151.0257264,63.88893732
Dugway ,7.413003,-111.9294799,38.77658594
244,0.008162008,-116.7275967,40.66636361
Timber - Fallon,0.08190392,-104.3338582,46.30803121
Hidden Water - Fallon,0.55917996,-104.3388152,46.2085243
Young ,0.5305047,-119.6898262,38.80137237
Lander - Fallon,7.5966644,-104.3979543,46.14248062
Squabble - Fallon,1.0672168,-104.0900749,45.92711072
Johnson - Fallon,0.05974266,-104.2469424,46.07981951
Upper Cramer,0.06219855,-114.9881681,44.03236516
Ormill,4.7079163,-117.6870279,41.36234681
HOG RIDGE 0739 PR,147.09929,-119.7348028,44.56402745
Iron,40.10016,-120.8563827,40.05746034
Salt,21669.717,-110.9333496,33.51852174
Sunny Gulch,0.000707118,-114.9076669,44.17603302
Flat,2616.087,-114.4445228,40.05161135
MOC,2867.9382,-120.2710672,37.78761614
NAVAL OIL,2.3060796,-106.2415754,43.33431188
YU,0.018217785,-108.7372475,44.37599214
Wildhorse,9.176225,-116.7602147,44.89302132
Hammer,9.122637,-116.0835798,43.53468266
Indian Creek,48127.867,-117.895366,43.96104771
Black Canyon,7145.6523,-113.7926691,35.75889946
Lake,30999.29,-118.5903786,34.68543695
Tonkin,0.088269025,-116.4122072,39.90613722
Blackfoot,8.475977,-119.8624664,39.60331131
Cree,0.29744065,-115.7822982,40.8801677
Elk Creek,13.471607,-116.3120143,45.22098874
MM207,1.729188,-106.3365594,43.1180265
Locust Spring,280.72052,-113.6727715,36.85244551
Atkin Spring,25.437141,-113.6876772,36.87356142
Little Purgatory,140.7984,-113.7119292,36.95132636
Red ,0.00144082,-114.8978872,44.16640806
Gravel - Fallon,0.19478412,-104.2748628,46.33788356
Pinnow - Fallon,3.4046547,-104.2388908,46.30212103
Bowers,0.05452588,-119.8573238,39.28192806
Sandstone - Fallon,0.36694893,-104.2256644,46.36671387
Rising - Fallon,14.286141,-104.1088771,46.62536621
Greenville,1101.1885,-112.8162654,38.21405929
Baboon,303.74637,-112.9886501,38.10064411
Beaver - Fallon,0.7120549,-104.1246259,46.62539357
Dry - Fallon,0.013433063,-104.3466118,46.14493599
Willard - Fallon,6.1378684,-104.3651259,46.19654849
First,2.197135,-106.1830854,45.30728883
Little,9.740581,-121.2590179,39.77834977
Copper,64.83257,-120.9483627,40.17386325
Hager Ridge,56.954746,-118.266449,45.7222318
Horse,169.03389,-118.2519284,45.54196187
Paxton,20.377043,-120.9988932,40.05901235
Davis,7.8043118,-120.9949565,40.13042951
Gray Hill,6843.375,-113.4866395,38.68664562
Gray Hill 2,403.8215,-113.5347609,38.65342802
Polethief Canyon,13.890018,-111.666855,42.51597263
Boxcar,1.3711089,-115.6657624,40.92959036
Greek Spring,0.47832918,-115.0331451,40.78917084
Trout Point,0.19833691,-113.982074,42.53327811
Meadow Mine 2,11.448344,-119.6495045,38.77512796
Dalton Wash,12.357874,-113.1212892,37.20976375
ANGLIN,1758.8638,-119.2723766,48.68167559
Wolverine Canyon,17.137608,-111.9713856,43.23571864
cedar,0.15034711,-109.1266102,44.50942581
Scrub,414.74365,-113.8517273,37.04968068
Meadow Mine,45.933674,-119.6397313,38.78927885
Smoky,7.0087085,-107.0572464,47.33972831
Herrin,17.642212,-117.2770304,40.95853934
RIVER,48921.246,-121.6729584,36.56882858
CARMEL.,6978.2065,-121.6550426,36.41564978
Devils Corral,1.9613998,-114.3797522,42.61375165
Spring,14.898667,-106.8516986,45.75005766
DOME,44211.086,-115.5775988,35.28887666
Flemings ,0.058106344,-120.7476768,40.29693127
Monitor,0.05848042,-121.0170784,40.07831097
Kessler,0.058438193,-120.7441826,40.10390854
Anna,0.058654044,-121.046978,39.97579098
Monitor 2,0.58499026,-121.0156059,40.06672573
Neer,0.58407915,-120.852705,40.12045574
Meyers,0.058331594,-120.8993797,40.16638947
Davis 2,0.058406167,-120.973278,40.12263012
Monitor 3,0.05849317,-121.0217781,40.07025909
Branch,0.058510352,-120.9990807,40.06019974
Onion,0.58492965,-121.0202065,40.07056713
Willard,0.058107186,-120.7734795,40.29558086
Yates - Wibaux,0.59334797,-104.1674219,46.98788559
Rocky Gap,0.082229786,-115.5411934,36.11813963
MM244 - Wibaux,0.08208004,-104.1683497,46.98824665
Pole Creek,24.918423,-114.9893306,41.40867108
Welcome ,0.92841494,-115.0925797,41.13376465
Snow Flower,0.034023777,-119.9103012,39.3571434
Limekiln,0.26788223,-112.3463375,42.27963102
Foothills,3.2255073,-114.4074533,42.41234333
R-9,26.717571,-119.8405013,40.59659177
Huntoon,0.14979587,-118.5664638,38.23066619
Rattlesnake,497.81525,-117.6978118,46.1934802
Frog 0657 RS,3930.247,-120.4941677,44.0305704
Miner Creek,405.6168,-111.9378555,43.17346543
Coal Mine,1.0015376,-115.635223,41.16352511
Meddler,4451.962,-110.9227587,33.66333748
Ryegrass ,149.47047,-112.9324909,43.04911234
Buffalo,151.0547,-115.1742924,41.64159946
Crane,226.78027,-116.7271666,44.33178301
Trout Creek,312.09534,-118.3478381,42.05702968
Pine Gulch,138802.55,-108.656446,39.40503263
Winter Ridge 2,17.912527,-109.598349,39.51139196
Swisher ,3.0356944,-111.0702532,39.67404652
Bartines,0.2179874,-116.402791,39.51561485
SADDLE,337.86603,-110.6471632,31.50450181
Meadow Road,0.11047493,-115.1696402,43.01362546
P515,4608.145,-121.5747533,44.78625583
Hamilton,1.2803959,-115.7946065,40.73875077
Clark Well ,0.9197194,-113.9570153,42.89471094
Jenkins,37.407948,-116.998113,44.32137249
R-8 PINECONE,566.4924,-120.5262942,40.78067651
Thorpe,156.98155,-105.5325647,39.10199971
Bend,4.350609,-115.6167121,43.72862906
Sam Boyd,0.9152071,-115.0133122,36.08929198
Medio,3775.3972,-105.8648597,35.83553696
Lake Valley,0.08479023,-114.6292223,38.40491785
LNU Lightning Complex,363218.9,-123.2009334,38.50600814
Rock,262.21082,-114.4885629,39.76551273
Georgetown ,38.35793,-111.4073379,42.49339171
Loyalton,46720.777,-120.1536211,39.70214098
Red Rock,0.009844556,-114.7788048,43.5178709
Griffin,61868.926,-110.6567872,33.5112674
Alder,633.7498,-110.4495061,33.58440018
Rockhouse,19520.379,-110.6037417,33.09093579
Superstition,9593.021,-111.4189634,33.45407134
Cowboy,570.04114,-111.4515129,38.99173775
Paget,8.24185,-106.2448039,45.37960977
HIGH,0.059437342,-122.7273827,39.51523972
BRUSHY,0.059437037,-122.8011818,39.51522064
ELK,0.059315518,-122.4464302,39.58684921
STAGECOACH,0.05860051,-122.4296684,40.00868511
9-Apr,0.05947749,-122.5698128,39.49115753
Box,7.4576745,-119.5518539,38.76215859
Medicine,9047.504,-110.6828989,33.81743036
Jay Creek,24.457804,-114.0816449,41.9320078
Bench,48.707226,-113.0341551,37.74218209
LKC #2,1.6515621,-120.18352,41.64628038
Lucky,0.7991626,-121.0404625,42.81920433
Gulch Road,3.6230798,-112.2797247,40.31995793
Cassadore Springs,21443.535,-110.4015619,33.53787714
Marshall Butte,9.273083,-109.7080833,33.81300566
Blue River,30419.809,-110.3358449,33.51684089
Valley,29690.963,-110.2476195,33.39517101
Big Sky,2.3556783,-119.8535989,39.55794052
Jeep Trail,11.655512,-110.0267885,41.06840595
Peaceful Mutual Aid,1.0594815,-116.4109041,44.83831284
W-4 TERMO,265.58286,-120.2561175,40.9140816
Black Sand,96.89217,-111.71595,44.03625202
Crestview 2,168.50375,-113.9806023,42.6944643
Coach,3.3259795,-115.7836048,40.80994125
Hidden,6105.6514,-111.1687842,33.97291205
Hickory Creek wildfire FY20,46.957436,-94.41716071,30.54099185
Sweet Creek MP 2,307.33228,-123.8645569,44.01237676
Dives,193.00293,-113.7196221,36.87803651
Diamond Butte,540.8827,-113.4189258,36.63907108
Bear Creek ,0.001873601,-114.9389172,43.7307663
Bear Creek,11949.702,-113.4480091,44.86851713
Airway Beacon,0.20677896,-114.4992075,36.69478596
Loop B,0.059076004,-120.9677773,39.72909927
Evans,0.05829784,-120.8480797,40.18619061
Las Vegas Blvd,0.04693169,-115.1884216,35.91438961
Badger,2.2314427,-115.7296518,43.68913025
Homecreek,7.6808457,-105.8813143,45.59994038
Flatland,1.4089648,-119.633,39.86246575
Lima 1,0.014878588,-114.8968689,36.20253906
Gypsum Springs,0.015131606,-114.896904,36.20164284
Pumpkin,438.5596,-116.0506432,43.98333671
California Ave,43.728436,-111.931258,38.97142887
King,53.68797,-106.2599384,45.44775423
Lieutenant,101.971695,-106.4956865,45.00337642
EVANS CANYON,75692.77,-120.6445054,46.82886904
Flash ,50.780983,-109.6715001,33.77452805
Cedar ridge ,14.512214,-108.9084802,44.32792526
Starlight,58.08854,-110.3667532,33.1121666
White Mountain,12.634464,-113.3176422,38.31692791
Slough Grass,141.03415,-106.7463779,45.75701421
Smokey Hollow,17.701414,-110.9783096,43.40685399
River Road,10.672187,-110.2992472,40.1804162
Lower Canyon,0.08319537,-115.4808054,40.69681746
MITCHELL CREEK ,2.7692432,-105.1628821,44.53344329
MM109 HWY20,3.7147875,-115.5586699,43.24989161
POTRERO,32.076073,-111.0400759,31.3352147
HEATON ROAD,299.85437,-117.3253514,47.46965606
Lackey Fan,99.49413,-109.2843473,38.37027499
Zook,4561.8574,-105.784038,45.96375974
Muldoon Canyon,369.42465,-113.926071,43.74084356
Huff,46892.16,-106.8286655,47.29756428
Slink,26751.678,-119.5483062,38.51761916
Shell,8.240843,-119.9180096,39.62899371
Lofer,1255.663,-109.7094821,33.74512234
Dry Lake,0.3064895,-114.8265793,36.46868439
Grizzly Creek,32431.5,-107.1978159,39.54036283
Daily,1510.3721,-106.0980268,45.62964924
Leggit,825.30865,-115.0454112,43.82280649
Welch,762.30817,-121.8426037,37.55502852
Ohlone,5212.069,-121.8478676,37.50235049
Del Puerto,390647.25,-121.4184366,37.3181345
White River,17412.293,-121.4543945,45.16375046
Grizzly Creek,323.117,-122.3974503,42.26926495
North Bear,0.010838897,-114.9101547,43.73460922
Wild Mountain ,19.251623,-112.4294916,42.79467531
Woodward,4901.7075,-122.8243349,38.02534222
Badlands ,8.801514,-114.8775946,41.77041086
Alkali 5,0.13405876,-114.9545941,36.45019354
Crow Creek,9.590508,-111.1211493,42.60066605
 Glenn Lightning Complex,260.68744,-121.1869783,39.69171016
 Glenn Lightning Complex,6.364205,-121.704138,40.03488223
 Glenn Lightning Complex,285.03653,-121.7127909,39.74559353
 Glenn Lightning Complex,0.002972626,-121.75255,39.89027258
 Glenn Lightning Complex,93.75527,-121.5145352,39.96812357
 Glenn Lightning Complex,21.329834,-121.6181747,39.96671124
 Glenn Lightning Complex,1.391891,-121.4592652,39.96435283
 Glenn Lightning Complex,174.50734,-121.5791427,40.02630427
 Glenn Lightning Complex,27.61005,-121.6693963,40.04643396
 Glenn Lightning Complex,0.63151973,-121.3046624,39.51502419
 Glenn Lightning Complex,926.2477,-121.48683,39.55489632
 Glenn Lightning Complex,0.057750985,-121.4612371,39.54526776
 Glenn Lightning Complex,0.070267044,-121.2818389,39.52731097
 Glenn Lightning Complex,92.36311,-121.5605929,39.99739092
 Glenn Lightning Complex,0.007329129,-121.7169215,39.91095454
 Glenn Lightning Complex,12.328598,-121.5021876,39.89894356
 Glenn Lightning Complex,946.67645,-121.5820771,39.97448628
 Glenn Lightning Complex,7.686026,-121.7878775,39.81395819
 Glenn Lightning Complex,0.7006228,-121.1741598,39.62620376
Green Ridge,4338.1753,-121.5529833,44.46544603
W-5 Cold Springs,84817.27,-120.193256,41.05588209
Big Windy,40.359707,-108.5022238,44.46334602
PEARL HILL,223730.1,-119.5985223,47.83053032
BobCat,30023.758,-108.4036148,46.2810297
Swinging Bridge,101.912834,-110.73034,43.3710929
CZU Lightning,86562.38,-122.1850066,37.11310055
Oneida County Assist 1,4.3470325,-112.45436,42.37165441
Rural Assist 3,74.67148,-114.6180636,42.9323888
Willow,134.67027,-116.3984496,43.79910782
615 Wildfire,8.014598,-86.11035619,33.24814911
Wickiup,751.4722,-117.0590682,44.22273216
Customs Road,1108.7823,-118.6573957,48.89691165
Ether Hollow,848.5904,-111.5388419,40.14206702
BIG HOLLOW,24996.262,-122.1901693,45.97354532
EUCLID TRACK,194.80113,-117.5386482,47.68038903
MANNING RD,2685.7234,-117.4258871,46.91644343
Apple Acres,5752.7896,-119.9399607,47.90672826
Sheep,29541.031,-120.6965955,40.32267669
Coyote,0.44705278,-108.503268,44.46874583
Summit,1.1311724,-116.44981,38.16500723
Reavis,615.2621,-106.4996807,45.01029301
Reservoir,1061.1058,-106.8235841,45.06060319
Juno - Rosebud,6.2174625,-106.5960295,45.95839988
Bridger Foothills,8230.986,-110.9277098,45.76512824
Whitney,127410.97,-118.5143189,47.58530588
Moon,98.08682,-117.1336228,40.13431222
Unger Rd Fire,496.93893,-122.4229666,45.19459971
Lost Creek,43.201782,-114.6276654,42.18820927
Carlyle - Wibaux,0.26226315,-104.0714836,46.94123731
Hotel - Rosebud,4.762241,-106.5167872,45.80925666
Valley,16389.479,-116.6850168,32.73801225
Oscar - Rosebud,0.092350684,-106.4905071,46.23904991
Thankful,103.61889,-106.1985091,45.87284164
Lima - Rosebud,8.779402,-106.5032087,46.07771083
Runaway,0.4381679,-107.9675151,44.78255528
Babb-Malden,14476.138,-117.4566657,47.24965448
Half Moon,190.41844,-106.9281036,45.22664719
Hunter 2,684.11664,-117.0080443,48.01802995
Fry,481.12204,-118.336535,48.25871802
Almeda Drive,2977.3323,-122.7847965,42.25464851
Game,1.3914826,-115.1800188,41.10834757
Auburn,2.098258,-116.5343835,45.0045226
Wildhorse,4.0369062,-113.8154349,42.85215834
Mule ,8.981269,-116.6533022,40.5627686
Cattle Fire,0.5533787,-106.5872033,44.28630716
Dolan,124526.93,-121.5028259,36.07704178
William,5835.808,-111.7647094,39.85056769
East Lake,1.2132374,-119.7843408,39.22754373
242,14468.361,-121.9056039,42.57218337
Battle Creek 2,188.38377,-111.6996958,40.37174728
Long Rock,12.916332,-112.6473529,40.71370556
Dowty Rd,1508.8837,-122.3917106,45.33753475
Whilhoit Rd.,532.0314,-122.6047905,45.05948965
Curlew ,1.4567666,-112.8434132,42.00959832
StateCreek,3791.306,-112.2056872,46.08689245
FRUIT VALLEY,166.51257,-122.7074758,45.65137808
FISH,132.4259,-121.8477919,47.15740048
HOPKINS,7.719344,-108.9037896,44.34414863
Blackfoot Mountain,435.02014,-111.7077752,42.82810359
Knowlton Road,0.25188026,-105.2262634,46.34194339
Twos,98.109505,-116.9498331,42.43446248
Race Point South Blowout,0.32430688,-70.20177991,42.08146118
Echo Mountain Complex,2521.9546,-123.9835898,45.0026474
Tripp Coulee,539.0872,-107.6070598,46.9916401
Connecticut,31.91332,-111.8363015,40.78055975
Graves Creek,46.131813,-122.5560577,45.22155697
S. Obenchain,32671.24,-122.6000429,42.52709163
Disc,1.7775958,-119.753289,39.57178683
Hortons Adventure Bound Fire,0.032528087,-70.06280184,42.0352931
MM80 HWY51,61.168736,-115.7634569,42.97680067
Downey Creek,2570.8193,-121.1886937,48.26008037
Nurse,17.153757,-115.9871723,43.57921684
Seven Palms,64.49959,-80.74375278,25.22065068
Buck,19300.375,-115.4587519,44.80261291
Inchelium Highway,7103.982,-118.2373313,48.35137462
Wells,1.9854798,-114.3673618,42.4071766
Goshen,372.04556,-111.8437446,39.94869946
Klikhtentotzna Creek,38.95136,-154.7689362,66.47464574
Pine Creek Bench,3.8182335,-111.4288872,43.51181764
Faucet,6.804,-109.8784981,40.36355591
Elburz ,50.075085,-115.5305319,40.99730999
Well,39.20486,-112.5195501,40.79241643
Thielsen,9951.217,-122.1235827,43.21691652
Wildflower,14.33549,-113.1598343,37.20913959
Bogus,2.797744,-116.0526544,43.74317431
Cold Springs,189911.23,-119.4937205,48.20017911
Grouse,3998.9705,-115.1449417,43.51867855
Chaparral,0.007387412,-115.2009354,43.61301753
Beaver,3044.5203,-114.5797251,46.5174218
Marion,1521.7015,-114.6619674,46.44023213
Badger,90142.695,-114.2053163,42.18983727
Wiltse,1047.289,-105.9891891,45.71161778
Brattain,50951.77,-120.6059106,42.59088245
Callahan,1264.747,-116.0732591,48.41963894
Kewa Fields,11737.306,-118.3041876,48.1795934
Dry,0.8469135,-116.8148624,39.93468372
Central Facility,38.51877,-112.9494005,43.51387503
Cat Canyon,41.751762,-116.4682426,37.07378292
Molly ,26.426027,-113.3081467,37.08112876
Holiday Farm,173392.64,-122.7373034,44.15869331
Cotton Springs,0.002057458,-114.2282562,42.20478259
Pilot Rock,0.37673646,-122.5750453,42.03471331
Fox,2027.5464,-122.8605988,41.22604065
Shotgun,840.84766,-118.5380386,36.35114661
Bingham County Assist 7,45.94732,-112.4789725,43.1802137
Mocus Point,34.596317,-114.9970684,46.43699498
Whitney 2,7.504388,-114.178575,36.54589197
Whitney 1,0.25662604,-114.1736629,36.54114623
Park Creek,0.6153825,-115.0134513,44.27350096
Rock Creek Canyon Rd,0.53732455,-114.2599569,42.30978643
COLD CREEK,565.3079,-121.3082742,46.6556158
Willis Creek,16.571486,-105.0303728,38.00120809
Ritter,675.8345,-119.1634572,44.82390277
Canyon Creek,23.090271,-111.466432,43.91283635
Lime,407.72083,-113.7177656,36.91111907
Bernard,1375.8514,-116.5271252,47.94042195
Lone Star,4118.363,-110.7996565,44.38100815
Bed,11.404561,-112.9296742,36.94574643
East Seven Mile,466.8451,-106.6188481,46.02024908
Schill,36.696224,-116.4127769,43.84302235
Husker,14.953332,-109.0098173,44.77322298
Sarpy,24.18212,-106.9852282,45.77359292
Drumming,4363.906,-113.138682,48.14591468
Garnet,868.78357,-113.4469496,47.62999045
 Virgin Mountain,1562.1075,-114.0672826,36.61595571
Graveyard Creek,453.78363,-106.1647246,46.17828264
Shissler,11200.172,-115.1211659,45.78188284
Median,0.022744048,-113.4351876,42.57834583
Marshall Peak,34.09163,-114.8909821,43.78571991
Maple Springs,1.0845776,-111.6426964,42.0765419
Cole,0.14705724,-117.8367443,37.99415874
Lake Como,22.668894,-114.3224726,46.06991463
12 Mile,53.20855,-114.4409387,46.15060396
Gass Flats,10958.611,-107.2229104,45.94630374
Spanish Trail 2,3.1367147,-115.4428076,35.98827697
Mule Springs 6,0.02996207,-115.5924377,36.01782227
Island,63.403687,-108.307192,45.91621363
Bannock County Assist 5,84.07416,-112.4156977,42.85981204
Deer Creek,0.01926528,-111.2037582,42.60037766
Veyo Road,2262.2473,-113.7134271,37.29689946
Olson,108.5461,-112.1382192,42.41214081
EL DORADO,22743.693,-116.9250013,34.02178662
Sears,14476.573,-111.777645,33.92895287
Grizzly,0.05186853,-109.547042,44.45936563
Four Bear,0.7697728,-109.4136206,44.47626895
Porphyry,14529.681,-115.4796429,45.22941875
Claremont-Bear,318775.72,-121.4191022,39.52567396
Lightning Ridge,20.70631,-105.6763796,45.65753156
Homestead,0.57176745,-105.5689994,47.00325218
Big Sky - Prairie,0.53688407,-105.5296445,46.97103534
Pinnow Reservoir,2.1499753,-104.1986994,46.30249988
Shell - Fallon,1.050898,-104.1871119,46.38306877
Sloan 27,0.16502154,-115.2161773,35.88138928
Liscom,13.972499,-106.0213552,45.74128032
Lake - Fallon,1.1486818,-104.238481,46.3631311
Armells - Rosebud,0.060120683,-106.7963175,46.24249003
Old Highway 10 - Rosebud,0.4008018,-106.7904618,46.26106384
Lion Creek,201.79947,-113.632898,47.68163983
Hess Springs,0.37141252,-111.2521896,42.59696134
Big Basin,0.46125445,-111.3908724,42.61092758
Soldier,0.026686223,-114.9211388,43.49817562
Bobcat,115997.57,-118.0763232,34.23633681
Neffs,59.80561,-111.7578172,40.67000704
Martindale,233.34444,-118.4006356,34.55307237
Woodhead,96690.81,-116.7402629,44.68273986
MM18 HWY95,4.3881464,-116.8705336,43.46418575
Bryan Mountain,16.765503,-116.4664249,45.27079964
Cow Canyon,30483.309,-109.0896822,33.54873752
FLUCKEY,289.09564,-121.2401077,41.6595726
Hardy,51.14356,-115.0613736,38.6455632
Dry Lake 2,0.15852702,-114.8341865,36.46987235
Trap,2523.299,-115.11253,44.33385405
August Complex South Zone,11.708347,-123.1231834,39.59810066
Perry,0.5624948,-119.6279989,39.86439717
Lava Ridge,348.11795,-113.5762363,37.19782252
Shovel,2.701826,-119.6306785,39.85981736
Cherry Creek,125.18606,-118.5739177,41.8139518
Ducky,13.432045,-116.6821586,43.58772105
PATERSON,1462.0814,-119.7044233,45.88628542
Mm185,2.2955194,-112.155901,39.21634674
Mm184,6.885166,-112.1892063,39.19544394
Hydro,0.39172283,-114.4627662,42.95428713
Berger,6.8450265,-114.6556132,42.49477892
Zogg,56337.844,-122.624555,40.45027772
Baccarat,10456.363,-119.9586697,39.7304039
Beachie Creek,193565.1,-122.5639733,44.86405185
Archie Creek,131595.4,-123.0902239,43.32450175
Baker,1.9719493,-115.3969362,43.50575194
Wawawai Canyon,303.54935,-117.3231017,46.62941495
Bench Lake,0.002047292,-114.9676208,44.10971669
Cheyenne,0.23947933,-103.4024496,43.36575297
Mule,0.9130737,-115.5947735,36.00723344
Lionshead,204587.83,-122.0902962,44.64940948
SC Mystery Road,31.552835,-85.65972074,33.62071196
Burley,3364.0605,-105.6031253,45.39342671
Fork,1668.4442,-120.4512009,38.97921143
Sloan 24,2.135259,-115.1992714,35.8802976
Dry 2,0.9163208,-114.8482186,36.41547928
COBRE,48.23083,-111.3219512,31.49037096
Deep Creek,92.501366,-106.3962823,39.89181386
Little Butte,0.20605113,-112.560187,43.55365198
Glass,67484.13,-122.5657883,38.43091324
White Lake,234.66533,-119.9275558,39.63483077
Wedge Butte,789.12225,-114.2869948,43.28298785
Five Mile,22.255947,-116.1062975,43.63166496
Eagle View ,0.32367864,-114.9470818,42.5567099
White,343.8274,-114.0975397,35.35093137
Connor Summit,4579.684,-113.4683783,42.34185181
Buggy Springs,17.755066,-111.1061013,44.00802381
Gopher - Dawson,70.34376,-105.0099865,46.86785086
Stuck - Dawson,0.11738942,-104.658217,47.00342829
MM 132,0.45395857,-118.2748835,40.56167923
Wolf,419.80804,-106.8447872,45.7495594
Wet Creek - Dawson,24.12079,-105.2105992,47.23973268
Divide,18.711962,-112.8072338,44.41413063
Box Car,803.45184,-107.4845825,47.4232298
Riverside,138150.94,-122.4008013,45.06891187
Rhoades Canyon 2,62.65448,-110.8967495,40.48390818
Rice,15712.826,-106.2284289,45.6727307
Snider,34527.242,-106.1626608,45.85060627
Oil,3227.662,-107.6633791,46.72896771
Kaibab Gulch,67.13434,-112.038451,37.12348359
CHIKAMIN,1609.5326,-120.6980627,47.99885716
FS Flats 1,0.000995326,-114.2606516,42.15553713
Penstemon,0.002165331,-114.2859955,42.19344538
Mullen,176877.11,-106.2921244,41.15902
BELL,0.06321454,-118.9789772,37.26945972
BULLFROG,655.2717,-119.0252056,37.14122486
RIDGE,0.6350863,-119.2621059,37.09295464
WOLFSEN,0.63604736,-119.5138054,37.03514576
COYOTE,0.063351825,-119.1194801,37.18851948
Yogo,5312.812,-110.5212888,46.91402359
Red Salmon Complex,143835.88,-123.5151198,40.98904833
Rowland,1.3232484,-115.6751009,41.95790446
Devil,8871.905,-123.2848906,41.93165117
Fire Canyon,1671.9879,-111.4520624,41.0183655
Range,3498.7988,-111.6352806,40.34768243
Picket,40.528133,-116.0958758,43.62613123
West Fork ,0.79691803,-114.3276029,43.85369165
Ironwood,110.26609,-109.9502387,31.91854352
Coleman,562.91174,-121.3463877,36.10973782
Lookout Mtn,160.34088,-115.467251,35.80643592
Rattlesnake,0.059480175,-115.6774681,36.45973751
ROSE CREEK ,1788.4652,-117.9698832,44.25468644
Fox Creek,0.43096936,-114.453735,43.76618986
Lefthand,460.76266,-105.4643097,40.06747577
Horse,9540.124,-112.4129246,34.23862107
Bear,0.7458269,-115.0902475,39.14271815
Doe Canyon,230.36319,-109.2124519,38.35050119
Grebe - Rosebud,33.529884,-107.6020995,46.70178961
Boxelder,3177.8477,-104.385024,45.7119461
Sunday - Custer,2.2588663,-105.8900194,46.4421362
Highway 12 - Custer,108.54199,-105.7534256,46.43032761
Indian Rocks,11.047724,-112.2127361,42.66688061
Habanero,3246.5474,-110.9607324,33.23287964
 Mule,5.6357393,-109.7594564,37.53653475
La Madre,0.097225115,-115.4099132,36.26449903
Center Creek Trail,1282.5491,-110.4475851,40.65628338
MM 55,0.020162104,-116.3375716,38.23272445
Horse,30.19238,-119.5318703,37.62893328
Slater,157429.28,-123.5154786,41.75654685
CATALINA ,45.260105,-110.9186396,32.44129954
Middle Fork,20432.57,-106.7545101,40.58635984
August Complex South Zone,96.30984,-123.0645771,39.91736325
Calwood,10113.842,-105.360025,40.13538437
Trail,1673.8077,-112.1245447,34.13558834
Luna,10141.765,-105.3572528,36.20370738
 RACE TRACK,188.57617,-110.6232047,32.30204667
Point,93.22387,-120.4980272,39.00023888
Williams Fork,14833.39,-105.9959396,39.80007801
East Troublesome,193811.48,-106.130319,40.11905034
Mica Bowl,28.432257,-110.5317114,32.22072923
Spud Rock,759.33856,-110.5465892,32.20457279
Lemon,5.1334057,-105.9766479,45.50146449
Rez,70.685905,-112.4258654,38.81702506
Mine,64.84313,-113.6456511,36.97189123
MM21 I15,13.572226,-113.758373,36.96864527
White Sage,54.126385,-112.4032663,36.75623227
TRAIL TANK,168.42249,-110.5737922,32.3270714
Lizard Point,200.95724,-113.5850152,36.93953094
Purgatory,254.30977,-113.7079847,36.92191257
Santa Clara,11.692791,-113.7573949,37.18067337
52,0.16597407,-117.0696388,40.31875067
Cameron Peak,208912.48,-105.9006683,40.53824573
Wahlstrom Times,0.001195464,-114.2811298,42.20085144
Creek,379800.9,-119.1954956,37.14730419
East Fork,89880.03,-110.6896337,40.56504695
Burnt Basin,41.827343,-113.0267399,42.04069942
Silverado,12465.817,-117.7137359,33.73641642
Blue Ridge,13694.254,-117.6973047,33.92102378
KLAUS ,4864.1733,-109.1558736,31.73829879
Jordan,3095.1887,-116.9632426,42.85103602
August Complex North Zone,1032538.7,-123.3844795,40.37708378
COWBOY,0.015008375,-122.3436722,38.95673051
ROUND VALLEY,1586.8613,-109.2035329,31.6994292
Castle,170647.33,-118.6618423,36.35667381
Raft River,422.5864,-113.3178784,42.59872955
Poison Flat,0.11255639,-114.5631454,43.57249069
OLD GLORY,19.13549,-111.2809063,31.42985174
Pioneer,1.5201811,-115.0731899,42.98005338
Lamb,34.230556,-115.6294086,43.64866245
BADGER CREEK,12.166445,-121.3577255,45.25578613
RA 3 ADA CO,40.54968,-116.2797488,43.43409729
Grassy,523.9633,-111.9425034,44.07546921
Crystal Creek,619.57513,-116.2555167,44.70862938
Hidden Lake,0.78171587,-75.05254853,41.05124444
Sloan 29,40.352577,-115.1963341,35.91335233
Weber Canyon ,16.73402,-111.2428738,40.73855698
Lemhi County Assist #2,11.166434,-113.8732466,45.08356673
North Juniper,1091.3484,-111.8202057,44.06227434
MM 49,2802.5708,-116.2272923,46.41195468
Columbia,0.008963793,-115.4733677,35.82480526
Sandy,0.11608141,-115.4791483,35.82521557
WOODARD,33.543144,-116.2908406,44.4353924
Cook,16.642782,-114.2177385,36.73934645
Moraine,1316.0328,-118.5513734,36.72856237
15-11,16.734518,-122.3058402,38.6629893
North Nixon ,0.38739845,-119.3993541,39.82797925
HENNESSEY,305649.94,-122.303958,38.67624777
15-14,712.1965,-122.3691656,38.66850842
15-4,2659.76,-122.2963263,38.66348343
WALLBRIDGE,55208.727,-122.988881,38.60976049
Derby Dam,20.705576,-119.4524167,39.58967679
Mule Springs 4,24.33784,-115.5906555,36.01706665
LAURA 2,2729.0164,-120.0683532,40.07719195
TORNADO,3.6290863,-110.784347,33.05568902
MARR,4.5954323,-120.1208667,40.86382734
Sulphur,30.094305,-109.1995939,39.10023621
Rattlesnake,8179.9517,-118.4280828,36.3888198
C-102,1.071943,-80.33015696,25.5195086
Stonehouse,152.44603,-118.3713166,42.81781352
Bascomb 2,18.442799,-92.73735332,36.74166549
Bascomb,14.251095,-92.73489517,36.74172428
Stansbury Trail,18.345459,-112.4930807,40.78716529
Rocky,12.288691,-119.676522,44.93805024
Mile 27 Fire,5.561995,-115.5945521,36.01202853
Mile Marker 63,0.18063758,-114.9504675,36.4909834
SC White Oak,32.83626,-85.55465168,33.76694804
Mahogany,0.04845979,-120.0022931,39.49447565
Pinehaven,512.14276,-119.8402789,39.47134225
Cow,1.7548765,-112.7858647,40.78114466
Fortymile,2.0034869,-114.7311139,39.89020267
Center Mountain,0.07427548,-115.2174796,35.88046751
Pine Shadow,39.576843,-95.05705155,30.45303876
Wolf,2057.2883,-119.6266625,37.88238684
BlueJay,6921.988,-119.6077081,37.81285042
North Whizz Dome,199.98155,-119.4469558,37.87400747
Airport,1085.5482,-117.6282763,33.90214303
Bond,6679.879,-117.6440364,33.73782258
